,open,high,low,close,volume,time,AVG,PV,cumPV,cumV,VWAP,EMA
0,389.76,389.81,389.76,389.81,3715,07:00:00,389.79,1448069.85,1448069.85,3715,389.79,389.79
1,389.81,389.91,389.81,389.91,8069,07:01:00,389.88,3145941.72,4594011.57,11784,389.85,389.8125
2,389.9,389.9,389.88,389.9,1120,07:02:00,389.89,436676.8,5030688.37,12904,389.85,389.83187499999997
3,389.92,389.97,389.92,389.96,2168,07:03:00,389.95,845411.6,5876099.97,15072,389.87,389.86140625
4,390.0,390.21,389.87,390.21,17796,07:04:00,390.1,6942219.6,12818319.57,32868,389.99,389.92105468750003
5,390.21,390.22,390.17,390.22,1200,07:05:00,390.2,468240.0,13286559.57,34068,390.0,389.990791015625
6,390.28,390.29,390.15,390.15,734,07:06:00,390.2,286406.8,13572966.37,34802,390.01,390.04309326171875
7,390.17,390.17,390.11,390.11,720,07:07:00,390.13,280893.6,13853859.97,35522,390.01,390.06481994628905
8,390.12,390.13,390.12,390.12,300,07:08:00,390.12,117036.0,13970895.97,35822,390.01,390.0786149597168
9,390.14,390.14,390.1,390.12,700,07:09:00,390.12,273084.0,14243979.97,36522,390.01,390.0889612197876
10,390.12,390.16,390.08,390.16,2890,07:10:00,390.13,1127475.7,15371455.67,39412,390.02,390.09922091484077
11,390.169,390.19,390.169,390.19,500,07:11:00,390.18,195090.0,15566545.67,39912,390.02,390.1194156861306
12,390.19,390.25,390.19,390.25,27795,07:12:00,390.23,10846442.85,26412988.52,67707,390.11,390.14706176459794
13,390.21,390.22,390.21,390.22,3100,07:13:00,390.22,1209682.0,27622670.52,70807,390.11,390.16529632344844
14,390.2,390.25,390.19,390.19,5087,07:14:00,390.21,1984998.27,29607668.79,75894,390.12,390.1764722425863
15,390.19,390.23,390.18,390.2,5837,07:15:00,390.2,2277597.4,31885266.19,81731,390.12,390.18235418193973
16,390.18,390.23,390.16,390.22,11880,07:16:00,390.2,4635576.0,36520842.19,93611,390.13,390.1867656364548
17,390.21,390.31,390.21,390.31,10576,07:17:00,390.28,4127601.28,40648443.47,104187,390.15,390.2100742273411
18,390.27,390.4,390.27,390.38,8097,07:18:00,390.35,3160663.95,43809107.42,112284,390.16,390.24505567050585
19,390.37,390.38,390.3,390.338,1400,07:19:00,390.34,546476.0,44355583.42,113684,390.17,390.2687917528794
20,390.3,390.4,390.3,390.4,11491,07:20:00,390.37,4485741.67,48841325.09,125175,390.18,390.2940938146595
21,390.39,390.4,390.35,390.35,7813,07:21:00,390.37,3049960.81,51891285.9,132988,390.2,390.31307036099463
22,390.35,390.36,390.35,390.35,2287,07:22:00,390.35,892730.45,52784016.35,135275,390.2,390.322302770746
23,390.36,390.41,390.36,390.41,7493,07:23:00,390.39,2925192.27,55709208.62,142768,390.21,390.3392270780595
24,390.37,390.45,390.37,390.43,1100,07:24:00,390.42,429462.0,56138670.62,143868,390.21,390.3594203085446
25,390.398,390.398,390.398,390.398,100,07:25:00,390.4,39040.0,56177710.62,143968,390.21,390.3695652314085
26,390.42,390.45,390.42,390.45,1970,07:26:00,390.44,769166.8,56946877.42,145938,390.21,390.38717392355636
27,390.44,390.5,390.44,390.5,8143,07:27:00,390.48,3179678.64,60126556.06,154081,390.23,390.41038044266725
28,390.55,390.58,390.52,390.57,5585,07:28:00,390.56,2181277.6,62307833.66,159666,390.24,390.4477853320004
29,390.65,390.66,390.57,390.57,6190,07:29:00,390.6,2417814.0,64725647.66,165856,390.25,390.4858389990003
30,390.6,390.6,390.55,390.55,11555,07:30:00,390.57,4513036.35,69238684.01,177411,390.27,390.5068792492502
31,390.56,390.56,390.56,390.56,445,07:31:00,390.56,173799.2,69412483.21,177856,390.27,390.5201594369376
32,390.55,390.55,390.51,390.52,700,07:32:00,390.53,273371.0,69685854.21,178556,390.27,390.5226195777032
33,390.52,390.55,390.52,390.55,5769,07:33:00,390.54,2253025.26,71938879.47,184325,390.28,390.5269646832774
34,390.54,390.56,390.53,390.56,501,07:34:00,390.55,195665.55,72134545.02,184826,390.28,390.53272351245806
35,390.56,390.56,390.54,390.54,1061,07:35:00,390.55,414373.55,72548918.57,185887,390.29,390.53704263434355
36,390.61,390.61,390.61,390.61,497,07:36:00,390.61,194133.17,72743051.74,186384,390.29,390.5552819757577
37,390.71,390.71,390.62,390.62,1740,07:37:00,390.65,679731.0,73422782.74,188124,390.29,390.5789614818183
38,390.64,390.65,390.64,390.65,5971,07:38:00,390.65,2332571.15,75755353.89,194095,390.3,390.59672111136376
39,390.65,390.7,390.65,390.7,2473,07:39:00,390.68,966151.64,76721505.53,196568,390.31,390.6175408335228
40,390.7,390.72,390.67,390.67,5593,07:40:00,390.69,2185129.17,78906634.7,202161,390.32,390.63565562514214
41,390.65,390.679,390.57,390.61,2039,07:41:00,390.62,796474.18,79703108.88,204200,390.32,390.6317417188566
42,390.6,390.61,390.6,390.61,400,07:42:00,390.61,156244.0,79859352.88,204600,390.32,390.62630628914246
43,390.55,390.56,390.48,390.48,1100,07:43:00,390.51,429561.0,80288913.88,205700,390.32,390.5972297168568
44,390.47,390.47,390.4,390.47,5960,07:44:00,390.45,2327082.0,82615995.88,211660,390.32,390.5604222876426
45,390.47,390.51,390.45,390.47,1401,07:45:00,390.48,547062.48,83163058.36,213061,390.33,390.54031671573193
46,390.5,390.52,390.5,390.5,6389,07:46:00,390.51,2494968.39,85658026.75,219450,390.33,390.53273753679895
47,390.52,390.6,390.52,390.6,2795,07:47:00,390.57,1091643.15,86749669.9,222245,390.33,390.5420531525992
48,390.59,390.59,390.57,390.57,314,07:48:00,390.58,122642.12,86872312.02,222559,390.33,390.55153986444935
49,390.56,390.56,390.56,390.56,300,07:50:00,390.56,117168.0,86989480.02,222859,390.33,390.553654898337
50,390.55,390.55,390.55,390.55,569,07:51:00,390.55,222222.95,87211702.97,223428,390.33,390.55274117375274
51,390.54,390.548,390.51,390.51,2601,07:52:00,390.52,1015742.52,88227445.49,226029,390.34,390.54455588031453
52,390.55,390.55,390.55,390.55,100,07:53:00,390.55,39055.0,88266500.49,226129,390.34,390.5459169102359
53,390.548,390.548,390.548,390.548,100,07:54:00,390.55,39055.0,88305555.49,226229,390.34,390.5469376826769
54,390.57,390.57,390.57,390.57,100,07:55:00,390.57,39057.0,88344612.49,226329,390.34,390.5527032620077
55,390.57,390.57,390.57,390.57,420,07:56:00,390.57,164039.4,88508651.89,226749,390.34,390.55702744650574
56,390.6,390.6,390.58,390.58,1188,07:58:00,390.59,464020.92,88972672.81,227937,390.34,390.5652705848793
57,390.51,390.53,390.51,390.53,826,07:59:00,390.52,322569.52,89295242.33,228763,390.34,390.55395293865945
58,390.56,390.56,390.42,390.42,2387,08:00:00,390.47,932051.89,90227294.22,231150,390.34,390.5329647039946
59,390.46,390.46,390.4,390.43,900,08:01:00,390.43,351387.0,90578681.22,232050,390.34,390.50722352799596
60,390.43,390.44,390.4,390.4,720,08:02:00,390.41,281095.2,90859776.42,232770,390.34,390.482917645997
61,390.4,390.42,390.31,390.31,4748,08:03:00,390.35,1853381.8,92713158.22,237518,390.34,390.4496882344978
62,390.29,390.29,390.28,390.285,3422,08:04:00,390.28,1335538.16,94048696.38,240940,390.34,390.4072661758733
63,390.32,390.38,390.32,390.38,2400,08:05:00,390.36,936864.0,94985560.38,243340,390.34,390.39544963190497
64,390.34,390.34,390.24,390.25,6054,08:06:00,390.28,2362755.12,97348315.5,249394,390.34,390.3665872239287
65,390.25,390.25,390.24,390.24,2279,08:07:00,390.24,889356.96,98237672.46,251673,390.34,390.33494041794654
66,390.26,390.26,390.26,390.26,105,08:08:00,390.26,40977.3,98278649.76,251778,390.34,390.3162053134599
67,390.28,390.31,390.26,390.31,300,08:09:00,390.29,117087.0,98395736.76,252078,390.34,390.3096539850949
68,390.3,390.33,390.3,390.33,1521,08:10:00,390.32,593676.72,98989413.48,253599,390.34,390.31224048882115
69,390.31,390.31,390.3,390.3,665,08:11:00,390.3,259549.5,99248962.98,254264,390.34,390.30918036661586
70,390.25,390.25,390.25,390.25,2300,08:12:00,390.25,897575.0,100146537.98,256564,390.34,390.2943852749619
71,390.25,390.28,390.25,390.28,447,08:13:00,390.27,174450.69,100320988.67,257011,390.34,390.28828895622144
72,390.34,390.34,390.34,390.34,1573,08:14:00,390.34,614004.82,100934993.49,258584,390.34,390.301216717166
73,390.33,390.33,390.24,390.24,500,08:15:00,390.27,195135.0,101130128.49,259084,390.34,390.29341253787453
74,390.33,390.35,390.28,390.28,3695,08:17:00,390.3,1442158.5,102572286.99,262779,390.34,390.2950594034059
75,390.3,390.33,390.27,390.27,2520,08:18:00,390.29,983530.8,103555817.79,265299,390.34,390.2937945525544
76,390.25,390.2604,390.25,390.26,2300,08:19:00,390.26,897598.0,104453415.79,267599,390.34,390.2853459144158
77,390.34,390.39,390.34,390.39,2562,08:20:00,390.37,1000127.94,105453543.73,270161,390.34,390.3065094358119
78,390.4,390.44,390.4,390.4,3400,08:21:00,390.41,1327394.0,106780937.73,273561,390.34,390.33238207685895
79,390.36,390.36,390.33,390.33,675,08:22:00,390.34,263479.5,107044417.23,274236,390.34,390.3342865576442
80,390.36,390.39,390.36,390.39,730,08:23:00,390.38,284977.4,107329394.63,274966,390.34,390.34571491823317
81,390.38,390.38,390.38,390.38,100,08:24:00,390.38,39038.0,107368432.63,275066,390.34,390.3542861886749
82,390.43,390.44,390.41,390.41,400,08:25:00,390.42,156168.0,107524600.63,275466,390.34,390.3707146415062
83,390.41,390.41,390.4,390.4,200,08:26:00,390.4,78080.0,107602680.63,275666,390.34,390.37803598112964
84,390.34,390.34,390.3,390.3,4345,08:27:00,390.31,1695896.95,109298577.58,280011,390.34,390.3610269858472
85,390.31,390.31,390.31,390.31,600,08:28:00,390.31,234186.0,109532763.58,280611,390.34,390.3482702393854
86,390.31,390.31,390.31,390.31,165,08:29:00,390.31,64401.15,109597164.73,280776,390.34,390.33870267953904
87,390.28,390.29,390.2,390.2,2331,08:30:00,390.23,909626.13,110506790.86,283107,390.34,390.3115270096543
88,390.28,390.3,390.28,390.29,858,08:31:00,390.29,334868.82,110841659.68,283965,390.34,390.3061452572407
89,390.32,390.35,390.32,390.35,475,08:32:00,390.34,185411.5,111027071.18,284440,390.34,390.31460894293053
90,390.28,390.36,390.28,390.36,600,08:33:00,390.33,234198.0,111261269.18,285040,390.34,390.31845670719787
91,390.38,390.39,390.38,390.39,910,08:34:00,390.39,355254.9,111616524.08,285950,390.34,390.3363425303984
92,390.36,390.36,390.32,390.32,2000,08:35:00,390.33,780660.0,112397184.08,287950,390.34,390.3347568977988
93,390.3,390.37,390.29,390.34,1000,08:36:00,390.33,390330.0,112787514.08,288950,390.34,390.3335676733491
94,390.31,390.31,390.21,390.21,5305,08:37:00,390.24,2070223.2,114857737.28,294255,390.33,390.3101757550118
95,390.21,390.28,390.09,390.09,13150,08:38:00,390.15,5130472.5,119988209.78,307405,390.33,390.27013181625887
96,390.1,390.1,390.07,390.07,2451,08:39:00,390.08,956086.08,120944295.86,309856,390.32,390.2225988621941
97,390.04,390.07,390.01,390.05,1934,08:40:00,390.04,754337.36,121698633.22,311790,390.32,390.1769491466456
98,390.06,390.06,390.04,390.04,1225,08:41:00,390.05,477811.25,122176444.47,313015,390.32,390.14521185998416
99,390.06,390.1,390.06,390.1,1700,08:42:00,390.09,663153.0,122839597.47,314715,390.32,390.1314088949881
100,390.11,390.11,390.1,390.1,757,08:43:00,390.1,295305.7,123134903.17,315472,390.32,390.1235566712411
101,390.09,390.11,390.06,390.11,2325,08:44:00,390.09,906959.25,124041862.42,317797,390.32,390.11516750343077
102,390.08,390.08,390.08,390.08,603,08:45:00,390.08,235218.24,124277080.66,318400,390.32,390.1063756275731
103,390.11,390.14,390.11,390.11,1549,08:47:00,390.12,604295.88,124881376.54,319949,390.32,390.10978172067985
104,390.11,390.13,390.09,390.13,2850,08:48:00,390.12,1111842.0,125993218.54,322799,390.31,390.1123362905099
105,390.12,390.12,390.04,390.04,5593,08:49:00,390.07,2181661.51,128174880.05,328392,390.31,390.1017522178824
106,390.07,390.08,390.07,390.07,4924,08:50:00,390.07,1920704.68,130095584.73,333316,390.31,390.09381416341176
107,390.07,390.08,390.07,390.08,4275,08:51:00,390.08,1667592.0,131763176.73,337591,390.3,390.0903606225588
108,390.08,390.08,390.04,390.04,8337,08:52:00,390.05,3251846.85,135015023.58,345928,390.3,390.0802704669191
109,390.07,390.09,390.07,390.09,12689,08:53:00,390.08,4949725.12,139964748.7,358617,390.29,390.0802028501893
110,390.12,390.19,390.1,390.17,6387,08:54:00,390.15,2491888.05,142456636.75,365004,390.29,390.09765213764194
111,390.16,390.23,390.16,390.22,3412,08:55:00,390.2,1331362.4,143787999.15,368416,390.29,390.12323910323147
112,390.19,390.25,390.19,390.25,3592,08:56:00,390.23,1401706.16,145189705.31,372008,390.29,390.1499293274236
113,390.25,390.28,390.25,390.28,1896,08:57:00,390.27,739951.92,145929657.23,373904,390.29,390.17994699556766
114,390.28,390.3,390.28,390.3,2389,08:58:00,390.29,932402.81,146862060.04,376293,390.29,390.20746024667574
115,390.26,390.26,390.21,390.21,1503,08:59:00,390.23,586515.69,147448575.73,377796,390.29,390.2130951850068
116,390.18,390.21,390.17,390.17,4526,09:00:00,390.18,1765954.68,149214530.41,382322,390.28,390.20482138875514
117,390.17,390.21,390.17,390.21,2330,09:01:00,390.2,909166.0,150123696.41,384652,390.28,390.20361604156636
118,390.27,390.28,390.27,390.27,5097,09:02:00,390.27,1989206.19,152112902.6,389749,390.28,390.22021203117475
119,390.27,390.3,390.27,390.3,638,09:03:00,390.29,249005.02,152361907.62,390387,390.28,390.23765902338107
120,390.31,390.33,390.3,390.33,1512,09:04:00,390.32,590163.84,152952071.46,391899,390.28,390.25824426753576
121,390.31,390.31,390.26,390.27,4057,09:05:00,390.28,1583365.96,154535437.42,395956,390.28,390.2636832006518
122,390.3,390.33,390.3,390.33,4100,09:06:00,390.32,1600312.0,156135749.42,400056,390.28,390.2777624004888
123,390.34,390.36,390.34,390.36,4012,09:07:00,390.35,1566084.2,157701833.62,404068,390.29,390.29582180036664
124,390.36,390.37,390.27,390.27,9800,09:08:00,390.3,3824940.0,161526773.62,413868,390.29,390.29686635027497
125,390.27,390.31,390.26,390.3,1015,09:09:00,390.29,396144.35,161922917.97,414883,390.29,390.2951497627062
126,390.32,390.33,390.3,390.31,2795,09:10:00,390.31,1090916.45,163013834.42,417678,390.29,390.29886232202966
127,390.3,390.3,390.3,390.3,615,09:11:00,390.3,240034.5,163253868.92,418293,390.29,390.29914674152224
128,390.35,390.37,390.35,390.37,600,09:12:00,390.36,234216.0,163488084.92,418893,390.29,390.3143600561417
129,390.4,390.4,390.4,390.4,472,09:13:00,390.4,184268.8,163672353.72,419365,390.29,390.33577004210633
130,390.4,390.4,390.36,390.36,870,09:14:00,390.37,339621.9,164011975.62,420235,390.29,390.3443275315798
131,390.36,390.4,390.34,390.4,6495,09:15:00,390.38,2535518.1,166547493.72,426730,390.29,390.35324564868483
132,390.41,390.42,390.38,390.42,1891,09:16:00,390.41,738265.31,167285759.03,428621,390.29,390.36743423651365
133,390.43,390.46,390.43,390.46,7129,09:17:00,390.45,2783518.05,170069277.08,435750,390.29,390.38807567738525
134,390.44,390.46,390.4399,390.45,2300,09:18:00,390.45,898035.0,170967312.08,438050,390.29,390.403556758039
135,390.43,390.44,390.41,390.41,900,09:19:00,390.42,351378.0,171318690.08,438950,390.29,390.40766756852923
136,390.43,390.44,390.36,390.37,13957,09:20:00,390.39,5448673.23,176767363.31,452907,390.3,390.40325067639696
137,390.35,390.35,390.3,390.31,7997,09:21:00,390.32,3121389.04,179888752.35,460904,390.3,390.3824380072977
138,390.3,390.3,390.22,390.22,19005,09:22:00,390.25,7416701.25,187305453.6,479909,390.29,390.3493285054733
139,390.28,390.4,390.28,390.4,1851,09:23:00,390.36,722556.36,188028009.96,481760,390.29,390.351996379105
140,390.43,390.44,390.31,390.31,3357,09:24:00,390.35,1310404.95,189338414.91,485117,390.29,390.35149728432873
141,390.34,390.34,390.29,390.29,523,09:25:00,390.31,204132.13,189542547.04,485640,390.29,390.34112296324656
142,390.28,390.3,390.25,390.3,1375,09:26:00,390.28,536635.0,190079182.04,487015,390.29,390.3258422224349
143,390.33,390.33,390.33,390.33,700,09:27:00,390.33,273231.0,190352413.04,487715,390.29,390.3268816668262
144,390.35,390.35,390.23,390.24,15167,09:28:00,390.27,5919225.09,196271638.13,502882,390.29,390.3126612501196
145,390.23,390.26,390.03,390.06,47302,09:29:00,390.12,18453456.24,214725094.37,550184,390.28,390.2644959375897
146,390.03,390.56,390.01,390.385,627452,09:30:00,390.32,244907064.64,459632159.01,1177636,390.3,390.2783719531922
147,390.38,390.44,390.07,390.2,263200,09:31:00,390.24,102711168.0,562343327.01,1440836,390.29,390.2687789648942
148,390.2,390.4,390.04,390.18,388593,09:32:00,390.21,151632874.53,713976201.54,1829429,390.27,390.25408422367065
149,390.17,390.1701,390.02,390.14,288462,09:33:00,390.11,112531910.82,826508112.36,2117891,390.25,390.21806316775303
150,390.13,390.17,390.02,390.043,159870,09:34:00,390.08,62362089.6,888870201.96,2277761,390.24,390.1835473758148
151,390.03,390.22,389.97,390.11,172871,09:35:00,390.1,67436977.1,956307179.06,2450632,390.23,390.1626605318611
152,390.13,390.42,390.09,390.345,199788,09:36:00,390.28,77973260.64,1034280439.7,2650420,390.23,390.1919953988958
153,390.35,390.47,390.15,390.18,314691,09:37:00,390.27,122814456.57,1157094896.27,2965111,390.24,390.21149654917184
154,390.18,390.41,390.09,390.359,265264,09:38:00,390.29,103529886.56,1260624782.83,3230375,390.24,390.23112241187886
155,390.35,390.81,390.35,390.71,420854,09:39:00,390.62,164393989.48,1425018772.31,3651229,390.28,390.32834180890916
156,390.72,390.8,390.26,390.3217,345486,09:40:00,390.46,134898463.56,1559917235.87,3996715,390.3,390.3612563566819
157,390.33,390.53,390.13,390.53,392597,09:41:00,390.4,153269868.8,1713187104.67,4389312,390.31,390.3709422675114
158,390.53,390.665,390.35,390.63,141695,09:42:00,390.55,55338982.25,1768526086.92,4531007,390.32,390.4157067006335
159,390.64,390.73,390.41,390.47,230444,09:43:00,390.54,89997599.76,1858523686.68,4761451,390.33,390.4467800254751
160,390.465,390.64,390.31,390.64,205298,09:44:00,390.53,80175027.94,1938698714.62,4966749,390.34,390.4675850191063
161,390.64,390.91,390.57,390.725,490778,09:45:00,390.73,191761687.94,2130460402.56,5457527,390.37,390.53318876432974
162,390.72,390.74,390.58,390.64,147245,09:46:00,390.65,57521259.25,2187981661.81,5604772,390.38,390.5623915732473
163,390.64,390.84,390.5911,390.74,233645,09:47:00,390.72,91289774.4,2279271436.21,5838417,390.39,390.6017936799355
164,390.77,390.9,390.76,390.845,131584,09:48:00,390.84,51428290.56,2330699726.77,5970001,390.4,390.6613452599516
165,390.845,391.105,390.83,391.075,182870,09:49:00,391.0,71502170.0,2402201896.77,6152871,390.42,390.7460089449637
166,391.08,391.23,391.01,391.11,316147,09:50:00,391.12,123651414.64,2525853311.41,6469018,390.45,390.83950670872275
167,391.1155,391.18,391.0411,391.14,118165,09:51:00,391.12,46216694.8,2572070006.21,6587183,390.47,390.90963003154206
168,391.155,391.35,391.15,391.28,209683,09:52:00,391.26,82040570.58,2654110576.79,6796866,390.49,390.99722252365655
169,391.3,391.41,391.28,391.4,161432,09:53:00,391.36,63178027.52,2717288604.31,6958298,390.51,391.08791689274244
170,391.4,391.45,391.34,391.43,123320,09:54:00,391.41,48268681.2,2765557285.51,7081618,390.53,391.16843766955685
171,391.44,391.47,391.33,391.4211,147361,09:55:00,391.41,57678569.01,2823235854.52,7228979,390.54,391.22882825216766
172,391.425,391.44,391.36,391.39,133479,09:56:00,391.4,52243680.6,2875479535.12,7362458,390.56,391.27162118912577
173,391.38,391.49,391.3501,391.445,102124,09:57:00,391.43,39974397.32,2915453932.44,7464582,390.57,391.31121589184437
174,391.445,391.47,391.27,391.2701,248987,09:58:00,391.34,97438572.58,3012892505.02,7713569,390.6,391.31841191888327
175,391.29,391.41,391.24,391.3,250043,09:59:00,391.32,97846826.76,3110739331.78,7963612,390.62,391.31880893916247
176,391.3,391.63,391.29,391.55,217111,10:00:00,391.49,84996785.39,3195736117.17,8180723,390.64,391.36160670437187
177,391.57,391.6,391.14,391.1411,215457,10:01:00,391.29,84306169.53,3280042286.7,8396180,390.66,391.3437050282789
178,391.16,391.23,391.02,391.12,222682,10:02:00,391.12,87095383.84,3367137670.54,8618862,390.67,391.2877787712092
179,391.13,391.16,391.05,391.05,143949,10:03:00,391.09,56297014.41,3423434684.95,8762811,390.68,391.2383340784069
180,391.055,391.27,391.055,391.25,90981,10:04:00,391.19,35590857.39,3459025542.34,8853792,390.68,391.2262505588052
181,391.26,391.46,391.22,391.46,198926,10:05:00,391.38,77855657.88,3536881200.22,9052718,390.7,391.26468791910395
182,391.45,391.5,391.345,391.46,118053,10:06:00,391.44,46210666.32,3583091866.54,9170771,390.71,391.308515939328
183,391.465,391.67,391.36,391.57,175947,10:07:00,391.53,68888528.91,3651980395.45,9346718,390.72,391.36388695449597
184,391.575,391.58,391.43,391.48,86477,10:08:00,391.5,33855745.5,3685836140.95,9433195,390.73,391.397915215872
185,391.495,391.5,391.14,391.34,194812,10:09:00,391.33,76235779.96,3762071920.91,9628007,390.74,391.380936411904
186,391.35,391.51,391.35,391.3758,146537,10:10:00,391.41,57356047.17,3819427968.08,9774544,390.75,391.388202308928
187,391.375,391.51,391.33,391.4301,144542,10:11:00,391.42,56576629.64,3876004597.72,9919086,390.76,391.396151731696
188,391.44,391.53,391.27,391.2717,84952,10:12:00,391.36,33246814.72,3909251412.44,10004038,390.77,391.387113798772
189,391.2819,391.34,391.07,391.32,293461,10:13:00,391.24,114813681.64,4024065094.08,10297499,390.78,391.350335349079
190,391.319,391.64,391.28,391.51,267829,10:14:00,391.48,104849696.92,4128914791.0,10565328,390.8,391.38275151180926
191,391.5001,391.58,391.33,391.3619,135043,10:15:00,391.42,52858531.06,4181773322.06,10700371,390.81,391.392063633857
192,391.37,391.38,391.2019,391.245,139392,10:16:00,391.28,54541301.76,4236314623.82,10839763,390.81,391.3640477253927
193,391.2301,391.32,391.19,391.26,104016,10:17:00,391.26,40697300.16,4277011923.98,10943779,390.82,391.3380357940445
194,391.26,391.59,391.255,391.56,146652,10:18:00,391.47,57409858.44,4334421782.42,11090431,390.83,391.3710268455334
195,391.55,391.61,391.4,391.5219,122801,10:19:00,391.51,48077819.51,4382499601.93,11213232,390.83,391.40577013415003
196,391.52,391.66,391.43,391.525,175639,10:20:00,391.54,68769694.06,4451269295.99,11388871,390.84,391.4393276006125
197,391.52,391.55,391.41,391.485,98094,10:21:00,391.48,38401839.12,4489671135.11,11486965,390.85,391.44949570045935
198,391.4801,391.58,391.39,391.43,69372,10:22:00,391.47,27157056.84,4516828191.95,11556337,390.85,391.4546217753445
199,391.4301,391.6481,391.4301,391.52,80212,10:23:00,391.53,31405404.36,4548233596.31,11636549,390.86,391.47346633150835
200,391.5481,391.629,391.49,391.545,72616,10:24:00,391.55,28432794.8,4576666391.11,11709165,390.86,391.4925997486312
201,391.55,391.6,391.3622,391.37,93231,10:25:00,391.44,36494342.64,4613160733.75,11802396,390.87,391.47944981147344
202,391.37,391.52,391.32,391.4182,94976,10:26:00,391.42,37175505.92,4650336239.67,11897372,390.87,391.4645873586051
203,391.42,391.65,391.42,391.63,124822,10:27:00,391.57,48876550.54,4699212790.21,12022194,390.88,391.49094051895383
204,391.64,391.71,391.24,391.35,387556,10:28:00,391.43,151701045.08,4850913835.29,12409750,390.9,391.4757053892154
205,391.37,391.51,391.35,391.44,146377,10:29:00,391.43,57296349.11,4908210184.4,12556127,390.9,391.4642790419116
206,391.45,391.57,391.3055,391.36,111133,10:30:00,391.41,43498567.53,4951708751.93,12667260,390.91,391.4507092814337
207,391.35,391.54,391.34,391.52,71873,10:31:00,391.47,28136123.31,4979844875.24,12739133,390.91,391.4555319610753
208,391.53,391.77,391.46,391.64,177382,10:32:00,391.62,69466338.84,5049311214.08,12916515,390.92,391.4966489708064
209,391.65,391.76,391.62,391.735,72889,10:33:00,391.7,28550621.3,5077861835.38,12989404,390.92,391.54748672810484
210,391.735,391.745,391.6599,391.72,77681,10:34:00,391.71,30428424.51,5108290259.89,13067085,390.93,391.58811504607866
211,391.72,391.73,391.5,391.525,143954,10:35:00,391.58,56369507.32,5164659767.21,13211039,390.94,391.586086284559
212,391.54,391.6,391.5,391.51,66403,10:36:00,391.54,25999430.62,5190659197.83,13277442,390.94,391.57456471341925
213,391.51,391.66,391.43,391.46,88693,10:37:00,391.52,34725083.36,5225384281.19,13366135,390.94,391.56092353506443
214,391.47,391.68,391.47,391.63,134869,10:38:00,391.59,52813351.71,5278197632.9,13501004,390.95,391.5681926512983
215,391.62,391.77,391.58,391.77,92820,10:39:00,391.71,36358522.2,5314556155.1,13593824,390.95,391.6036444884737
216,391.78,391.849,391.64,391.815,133506,10:40:00,391.77,52303645.62,5366859800.72,13727330,390.96,391.6452333663553
217,391.82,391.84,391.715,391.715,77294,10:41:00,391.76,30280697.44,5397140498.16,13804624,390.97,391.67392502476645
218,391.715,391.82,391.67,391.82,66037,10:42:00,391.77,25871315.49,5423011813.65,13870661,390.97,391.6979437685748
219,391.82,391.89,391.803,391.885,49433,10:43:00,391.86,19370815.38,5442382629.03,13920094,390.97,391.73845782643116
220,391.9,392.115,391.9,392.08,162289,10:44:00,392.03,63622156.67,5506004785.7,14082383,390.99,391.81134336982336
221,392.08,392.4,392.07,392.381,143936,10:45:00,392.28,56463214.08,5562467999.78,14226319,391.0,391.9285075273675
222,392.39,392.44,392.16,392.32,548708,10:46:00,392.31,215263635.48,5777731635.26,14775027,391.05,392.02388064552565
223,392.315,392.39,392.15,392.22,264339,10:47:00,392.25,103686972.75,5881418608.01,15039366,391.07,392.08041048414424
224,392.23,392.29,392.18,392.22,78223,10:48:00,392.23,30681407.29,5912100015.3,15117589,391.07,392.11780786310817
225,392.23,392.2616,392.1801,392.2,49022,10:49:00,392.21,19226918.62,5931326933.92,15166611,391.08,392.1408558973311
226,392.199,392.25,392.15,392.18,71216,10:50:00,392.19,27930203.04,5959257136.96,15237827,391.08,392.1531419229983
227,392.18,392.26,392.18,392.25,95565,10:51:00,392.23,37483459.95,5996740596.91,15333392,391.09,392.17235644224877
228,392.24,392.27,392.1695,392.18,155003,10:52:00,392.21,60793726.63,6057534323.54,15488395,391.1,392.1817673316866
229,392.19,392.21,392.12,392.175,73639,10:53:00,392.17,28879006.63,6086413330.17,15562034,391.11,392.178825498765
230,392.18,392.21,392.14,392.16,60587,10:54:00,392.17,23760403.79,6110173733.96,15622621,391.11,392.17661912407374
231,392.15,392.1699,392.09,392.1619,89636,10:55:00,392.14,35149861.04,6145323595.0,15712257,391.12,392.16746434305526
232,392.16,392.22,392.15,392.1652,61867,10:56:00,392.18,24263000.06,6169586595.06,15774124,391.12,392.1705982572915
233,392.165,392.21,392.06,392.0711,50908,10:57:00,392.11,19961535.88,6189548130.94,15825032,391.12,392.15544869296866
234,392.07,392.08,392.0,392.0581,79152,10:58:00,392.05,31031541.6,6220579672.54,15904184,391.13,392.1290865197265
235,392.0599,392.07,392.0,392.055,95475,10:59:00,392.04,37430019.0,6258009691.54,15999659,391.13,392.10681488979486
236,392.055,392.07,392.03,392.0691,65546,11:00:00,392.06,25697964.76,6283707656.3,16065205,391.14,392.09511116734615
237,392.065,392.09,391.99,391.995,69402,11:01:00,392.02,27206972.04,6310914628.34,16134607,391.14,392.0763333755096
238,392.0,392.14,391.99,392.1368,63734,11:02:00,392.09,24989464.06,6335904092.4,16198341,391.15,392.07975003163216
239,392.14,392.17,392.08,392.1698,51349,11:03:00,392.14,20135996.86,6356040089.26,16249690,391.15,392.09481252372416
240,392.17,392.26,392.085,392.165,89238,11:04:00,392.17,34996466.46,6391036555.72,16338928,391.15,392.11360939279314
241,392.165,392.25,392.14,392.229,62917,11:05:00,392.21,24676676.57,6415713232.29,16401845,391.16,392.1377070445949
242,392.23,392.28,392.16,392.19,56174,11:06:00,392.21,22032004.54,6437745236.83,16458019,391.16,392.1557802834462
243,392.195,392.2,392.13,392.15,50748,11:07:00,392.16,19901335.68,6457646572.51,16508767,391.16,392.15683521258467
244,392.14,392.22,392.14,392.2,45957,11:08:00,392.19,18023875.83,6475670448.34,16554724,391.17,392.1651264094385
245,392.22,392.23,392.16,392.19,58141,11:09:00,392.19,22802318.79,6498472767.13,16612865,391.17,392.1713448070789
246,392.2,392.235,392.18,392.2,48152,11:10:00,392.2,18885214.4,6517357981.53,16661017,391.17,392.1785086053092
247,392.2,392.21,392.105,392.15,41176,11:11:00,392.16,16147580.16,6533505561.69,16702193,391.18,392.17388145398195
248,392.145,392.15,392.02,392.055,57682,11:12:00,392.08,22615958.56,6556121520.25,16759875,391.18,392.15041109048644
249,392.06,392.065,391.97,391.99,76802,11:13:00,392.01,30107152.02,6586228672.27,16836677,391.18,392.11530831786484
250,391.985,391.99,391.915,391.98,104652,11:14:00,391.96,41019397.92,6627248070.19,16941329,391.19,392.0764812383986
251,391.9897,392.0,391.87,391.87,84565,11:15:00,391.91,33141869.15,6660389939.34,17025894,391.19,392.034860928799
252,391.86,392.015,391.86,391.95,67933,11:16:00,391.94,26625660.02,6687015599.36,17093827,391.19,392.01114569659927
253,391.94,392.0186,391.8884,391.891,43999,11:17:00,391.93,17244528.07,6704260127.43,17137826,391.2,391.9908592724495
254,391.9,391.94,391.86,391.91,36335,11:18:00,391.9,14239686.5,6718499813.93,17174161,391.2,391.9681444543371
255,391.91,391.95,391.8901,391.9399,50576,11:19:00,391.93,19822251.68,6738322065.61,17224737,391.2,391.95860834075285
256,391.94,392.005,391.915,391.965,60758,11:20:00,391.96,23814705.68,6762136771.29,17285495,391.2,391.95895625556466
257,391.98,392.11,391.98,392.095,70832,11:21:00,392.06,27770393.92,6789907165.21,17356327,391.21,391.98421719167345
258,392.09,392.21,392.06,392.1911,62598,11:22:00,392.15,24547805.7,6814454970.91,17418925,391.21,392.0256628937551
259,392.195,392.23,392.105,392.215,82400,11:23:00,392.18,32315632.0,6846770602.91,17501325,391.21,392.0642471703164
260,392.215,392.25,392.195,392.2021,96055,11:24:00,392.22,37674692.1,6884445295.01,17597380,391.22,392.1031853777373
261,392.205,392.21,392.14,392.21,66030,11:25:00,392.19,25896305.7,6910341600.71,17663410,391.22,392.124889033303
262,392.22,392.23,392.12,392.15,62274,11:26:00,392.17,24421994.58,6934763595.29,17725684,391.23,392.13616677497726
263,392.15,392.16,392.04,392.0699,53068,11:27:00,392.09,20807432.12,6955571027.41,17778752,391.23,392.1246250812329
264,392.0681,392.12,392.04,392.065,95619,11:28:00,392.08,37490297.52,6993061324.93,17874371,391.23,392.1134688109247
265,392.07,392.135,392.0619,392.13,71207,11:29:00,392.11,27920976.77,7020982301.7,17945578,391.24,392.1126016081936
266,392.1299,392.23,392.1299,392.21,82836,11:30:00,392.19,32487450.84,7053469752.54,18028414,391.24,392.13195120614523
267,392.2,392.23,392.12,392.18,67485,11:31:00,392.18,26466267.3,7079936019.84,18095899,391.25,392.14396340460894
268,392.185,392.3,392.18,392.2799,82330,11:32:00,392.25,32293942.5,7112229962.34,18178229,391.25,392.1704725534567
269,392.289,392.445,392.289,392.4,116678,11:33:00,392.38,45782113.64,7158012075.98,18294907,391.26,392.22285441509257
270,392.39,392.49,392.39,392.467,151564,11:34:00,392.45,59481291.8,7217493367.78,18446471,391.27,392.27964081131944
271,392.45,392.4902,392.4,392.43,82727,11:35:00,392.44,32465383.88,7249958751.66,18529198,391.27,392.3197306084896
272,392.425,392.48,392.38,392.46,53977,11:36:00,392.44,21182733.88,7271141485.54,18583175,391.28,392.3497979563672
273,392.46,392.61,392.46,392.6,102991,11:37:00,392.56,40430146.96,7311571632.5,18686166,391.28,392.4023484672754
274,392.6,392.6,392.5,392.55,75570,11:38:00,392.55,29665003.5,7341236636.0,18761736,391.29,392.43926135045655
275,392.55,392.55,392.51,392.537,58132,11:39:00,392.53,22818553.96,7364055189.96,18819868,391.29,392.4619460128424
276,392.54,392.605,392.52,392.55,72790,11:40:00,392.56,28574442.4,7392629632.36,18892658,391.3,392.4864595096318
277,392.54,392.56,392.47,392.47,33926,11:41:00,392.5,13315955.0,7405945587.36,18926584,391.3,392.4898446322238
278,392.47,392.57,392.47,392.55,63655,11:42:00,392.53,24986497.15,7430932084.51,18990239,391.3,392.49988347416786
279,392.55,392.57,392.5,392.531,56520,11:43:00,392.53,22185795.6,7453117880.11,19046759,391.31,392.5074126056259
280,392.53,392.59,392.48,392.57,68153,11:44:00,392.55,26753460.15,7479871340.26,19114912,391.31,392.51805945421944
281,392.58,392.6011,392.16,392.33,394129,11:45:00,392.36,154640454.44,7634511794.7,19509041,391.33,392.47854459066457
282,392.33,392.4281,392.3101,392.3933,99543,11:46:00,392.38,39058682.34,7673570477.04,19608584,391.34,392.45390844299845
283,392.3981,392.43,392.37,392.39,41131,11:47:00,392.4,16139804.4,7689710281.44,19649715,391.34,392.44043133224886
284,392.4,392.47,392.38,392.4606,41790,11:48:00,392.44,16400067.6,7706110349.04,19691505,391.34,392.44032349918666
285,392.47,392.51,392.41,392.42,67924,11:49:00,392.45,26656773.8,7732767122.84,19759429,391.35,392.44274262439
286,392.44,392.5,392.4225,392.4799,28593,11:50:00,392.47,11221894.71,7743989017.55,19788022,391.35,392.4495569682925
287,392.472,392.52,392.38,392.425,46388,11:51:00,392.44,18204506.72,7762193524.27,19834410,391.35,392.4471677262194
288,392.425,392.46,392.42,392.44,41889,11:52:00,392.44,16438919.16,7778632443.43,19876299,391.35,392.4453757946645
289,392.445,392.46,392.381,392.435,38229,11:53:00,392.43,15002206.47,7793634649.9,19914528,391.35,392.44153184599844
290,392.4355,392.455,392.395,392.4,34854,11:54:00,392.42,13677406.68,7807312056.58,19949382,391.36,392.43614888449883
291,392.4,392.445,392.35,392.445,46295,11:55:00,392.41,18166620.95,7825478677.53,19995677,391.36,392.42961166337415
292,392.4431,392.46,392.28,392.28,60337,11:56:00,392.34,23672618.58,7849151296.11,20056014,391.36,392.4072087475306
293,392.29,392.38,392.29,392.3581,46038,11:57:00,392.34,18062548.92,7867213845.03,20102052,391.36,392.39040656064793
294,392.36,392.41,392.34,392.3601,52144,11:58:00,392.37,20459741.28,7887673586.31,20154196,391.37,392.38530492048596
295,392.365,392.4,392.319,392.37,53556,11:59:00,392.36,21013232.16,7908686818.47,20207752,391.37,392.37897869036453
296,392.37,392.555,392.37,392.555,55418,12:00:00,392.49,21751010.82,7930437829.29,20263170,391.37,392.40673401777343
297,392.55,392.57,392.4781,392.5211,63070,12:01:00,392.52,24756236.4,7955194065.69,20326240,391.38,392.43505051333005
298,392.53,392.61,392.5,392.555,75185,12:02:00,392.56,29514623.6,7984708689.29,20401425,391.38,392.46628788499754
299,392.563,392.6,392.52,392.6,64969,12:03:00,392.57,25504880.33,8010213569.62,20466394,391.38,392.4922159137481
300,392.6,392.64,392.52,392.55,66809,12:04:00,392.57,26227209.13,8036440778.75,20533203,391.39,392.51166193531105
301,392.555,392.61,392.545,392.59,53609,12:05:00,392.58,21045821.22,8057486599.97,20586812,391.39,392.52874645148324
302,392.59,392.59,392.42,392.4819,91387,12:06:00,392.5,35869397.5,8093355997.47,20678199,391.4,392.52155983861246
303,392.485,392.57,392.485,392.55,58967,12:07:00,392.54,23146906.18,8116502903.65,20737166,391.4,392.5261698789593
304,392.545,392.56,392.515,392.56,45838,12:08:00,392.54,17993248.52,8134496152.17,20783004,391.4,392.5296274092195
305,392.56,392.57,392.495,392.54,22560,12:09:00,392.54,8855702.4,8143351854.57,20805564,391.4,392.5322205569146
306,392.54,392.64,392.535,392.62,57463,12:10:00,392.6,22559973.8,8165911828.37,20863027,391.41,392.5491654176859
307,392.63,392.68,392.59,392.63,51346,12:11:00,392.63,20159979.98,8186071808.35,20914373,391.41,392.5693740632645
308,392.63,392.64,392.6001,392.6001,36093,12:12:00,392.61,14170472.73,8200242281.08,20950466,391.41,392.57953054744837
309,392.605,392.65,392.59,392.6299,50786,12:13:00,392.62,19939599.32,8220181880.4,21001252,391.41,392.5896479105862
310,392.625,392.67,392.62,392.6581,47176,12:14:00,392.65,18523656.4,8238705536.8,21048428,391.42,392.60473593293966
311,392.66,392.685,392.57,392.65,59182,12:15:00,392.64,23237220.48,8261942757.28,21107610,391.42,392.61355194970474
312,392.64,392.675,392.63,392.66,37817,12:16:00,392.66,14849223.22,8276791980.5,21145427,391.42,392.6251639622786
313,392.6519,392.69,392.62,392.6881,58160,12:17:00,392.67,22837687.2,8299629667.7,21203587,391.43,392.63637297170897
314,392.688,392.71,392.645,392.665,63847,12:18:00,392.67,25070801.49,8324700469.19,21267434,391.43,392.6447797287817
315,392.66,392.67,392.62,392.65,43381,12:19:00,392.65,17033549.65,8341734018.84,21310815,391.43,392.64608479658625
316,392.65,392.71,392.6498,392.65,43277,12:20:00,392.67,16993579.59,8358727598.43,21354092,391.43,392.6520635974397
317,392.65,392.695,392.63,392.6585,56487,12:21:00,392.66,22180185.42,8380907783.85,21410579,391.44,392.65404769807975
318,392.65,392.71,392.64,392.661,45992,12:22:00,392.67,18059678.64,8398967462.49,21456571,391.44,392.65803577355985
319,392.6681,392.67,392.61,392.6389,36916,12:23:00,392.64,14494698.24,8413462160.73,21493487,391.44,392.6535268301699
320,392.6399,392.73,392.62,392.695,94468,12:24:00,392.68,37095694.24,8450557854.97,21587955,391.45,392.6601451226274
321,392.71,392.78,392.7,392.78,61857,12:25:00,392.75,24294336.75,8474852191.72,21649812,391.45,392.68260884197053
322,392.785,392.825,392.73,392.815,64642,12:26:00,392.79,25390731.18,8500242922.9,21714454,391.46,392.7094566314779
323,392.8119,392.87,392.7998,392.859,67488,12:27:00,392.84,26511985.92,8526754908.82,21781942,391.46,392.7420924736084
324,392.86,392.94,392.85,392.94,86679,12:28:00,392.91,34057045.89,8560811954.71,21868621,391.47,392.7840693552063
325,392.93,392.94,392.91,392.93,47381,12:29:00,392.93,18617416.33,8579429371.04,21916002,391.47,392.82055201640475
326,392.93,392.98,392.84,392.845,113517,12:30:00,392.89,44599694.13,8624029065.17,22029519,391.48,392.8379140123036
327,392.84,392.895,392.81,392.891,57804,12:31:00,392.87,22709457.48,8646738522.65,22087323,391.48,392.84593550922773
328,392.899,392.945,392.8,392.8219,71608,12:32:00,392.86,28131918.88,8674870441.53,22158931,391.48,392.84945163192083
329,392.825,392.825,392.73,392.745,126143,12:33:00,392.77,49545186.11,8724415627.64,22285074,391.49,392.8295887239406
330,392.75,392.87,392.75,392.86,59523,12:34:00,392.83,23382420.09,8747798047.73,22344597,391.5,392.82969154295546
331,392.87,392.9,392.8111,392.895,57412,12:35:00,392.87,22555452.44,8770353500.17,22402009,391.5,392.8397686572166
332,392.88,392.92,392.87,392.919,59419,12:36:00,392.9,23345725.1,8793699225.27,22461428,391.5,392.8548264929125
333,392.9181,392.93,392.86,392.9119,47334,12:37:00,392.9,18597528.6,8812296753.87,22508762,391.51,392.8661198696843
334,392.915,392.97,392.91,392.92,50034,12:38:00,392.93,19659859.62,8831956613.49,22558796,391.51,392.88208990226326
335,392.91,392.96,392.892,392.91,51189,12:39:00,392.92,20113181.88,8852069795.37,22609985,391.51,392.89156742669746
336,392.92,392.92,392.83,392.9,55580,12:40:00,392.88,21836270.4,8873906065.77,22665565,391.51,392.8886755700231
337,392.9,392.94,392.88,392.925,50798,12:41:00,392.92,19959550.16,8893865615.93,22716363,391.52,392.8965066775173
338,392.93,392.98,392.93,392.95,54816,12:42:00,392.95,21539947.2,8915405563.13,22771179,391.52,392.90988000813803
339,392.9616,393.11,392.9616,393.1,151817,12:43:00,393.06,59673190.02,8975078753.15,22922996,391.53,392.9474100061035
340,393.1,393.23,393.09,393.22,229467,12:44:00,393.18,90221835.06,9065300588.21,23152463,391.55,393.00555750457767
341,393.22,393.23,393.195,393.22,86255,12:45:00,393.22,33917191.1,9099217779.31,23238718,391.55,393.05916812843327
342,393.215,393.23,393.15,393.15,125760,12:46:00,393.18,49446316.8,9148664096.11,23364478,391.56,393.089376096325
343,393.15,393.18,393.11,393.15,73190,12:47:00,393.15,28774648.5,9177438744.61,23437668,391.57,393.1045320722437
344,393.16,393.17,393.11,393.14,49805,12:48:00,393.14,19580337.7,9197019082.31,23487473,391.57,393.11339905418276
345,393.13,393.185,393.125,393.135,56156,12:49:00,393.15,22077731.4,9219096813.71,23543629,391.58,393.12254929063704
346,393.14,393.19,393.09,393.1001,76834,12:50:00,393.13,30205750.42,9249302564.13,23620463,391.58,393.12441196797784
347,393.11,393.12,393.015,393.025,76324,12:51:00,393.05,29999148.2,9279301712.33,23696787,391.58,393.1058089759834
348,393.03,393.13,393.0,393.109,63355,12:52:00,393.08,24903583.4,9304205295.73,23760142,391.59,393.09935673198754
349,393.11,393.15,393.0601,393.0601,29153,12:53:00,393.09,11459752.77,9315665048.5,23789295,391.59,393.09701754899066
350,393.0719,393.13,393.0719,393.1181,40964,12:54:00,393.11,16103358.04,9331768406.54,23830259,391.59,393.100263161743
351,393.115,393.13,393.08,393.08,24323,12:55:00,393.1,9561371.3,9341329777.84,23854582,391.59,393.1001973713072
352,393.08,393.12,393.06,393.11,28958,12:56:00,393.1,11383389.8,9352713167.64,23883540,391.6,393.10014802848036
353,393.12,393.145,393.09,393.115,27458,12:57:00,393.12,10794288.96,9363507456.6,23910998,391.6,393.10511102136024
354,393.12,393.16,393.071,393.12,41766,12:58:00,393.12,16419049.92,9379926506.52,23952764,391.6,393.10883326602016
355,393.13,393.15,393.1,393.145,44284,12:59:00,393.13,17409368.92,9397335875.44,23997048,391.6,393.11412494951514
356,393.15,393.18,393.06,393.07,48151,13:00:00,393.1,18928158.1,9416264033.54,24045199,391.61,393.1105937121364
357,393.0616,393.07,392.9399,393.0019,83522,13:01:00,393.0,32824146.0,9449088179.54,24128721,391.61,393.08294528410227
358,393.01,393.06,392.94,392.979,62020,13:02:00,392.99,24373239.8,9473461419.34,24190741,391.62,393.05970896307673
359,392.98,393.0,392.87,392.9,88885,13:03:00,392.92,34924694.2,9508386113.54,24279626,391.62,393.0247817223076
360,392.9,392.93,392.82,392.84,59826,13:04:00,392.86,23503242.36,9531889355.9,24339452,391.62,392.9835862917307
361,392.835,392.86,392.78,392.84,66902,13:05:00,392.83,26281112.66,9558170468.56,24406354,391.63,392.945189718798
362,392.845,392.92,392.82,392.9,61846,13:06:00,392.88,24298056.48,9582468525.04,24468200,391.63,392.9288922890985
363,392.9,392.93,392.87,392.92,31550,13:07:00,392.91,12396310.5,9594864835.54,24499750,391.63,392.9241692168239
364,392.93,392.94,392.82,392.847,50067,13:08:00,392.87,19669822.29,9614534657.83,24549817,391.63,392.9106269126179
365,392.85,392.87,392.8,392.835,40542,13:09:00,392.84,15926519.28,9630461177.11,24590359,391.64,392.8929701844634
366,392.84,392.92,392.77,392.77,72011,13:10:00,392.82,28287361.02,9658748538.13,24662370,391.64,392.87472763834757
367,392.77,392.8001,392.71,392.8001,50320,13:11:00,392.77,19764186.4,9678512724.53,24712690,391.64,392.84854572876066
368,392.7915,392.85,392.79,392.82,35061,13:12:00,392.82,13772662.02,9692285386.55,24747751,391.64,392.8414092965705
369,392.81,392.92,392.765,392.92,85428,13:13:00,392.87,33562098.36,9725847484.91,24833179,391.65,392.8485569724279
370,392.93,392.9504,392.89,392.92,96910,13:14:00,392.92,38077877.2,9763925362.11,24930089,391.65,392.8664177293209
371,392.92,393.02,392.9,393.02,62069,13:15:00,392.98,24391875.62,9788317237.73,24992158,391.66,392.8948132969907
372,393.03,393.04,392.93,392.9919,73568,13:16:00,392.99,28911488.32,9817228726.05,25065726,391.66,392.918609972743
373,392.995,393.05,392.97,393.045,47674,13:17:00,393.02,18736835.48,9835965561.53,25113400,391.66,392.94395747955724
374,393.05,393.065,393.01,393.025,81426,13:18:00,393.03,32002860.78,9867968422.31,25194826,391.67,392.96546810966794
375,393.025,393.04,392.91,393.035,53560,13:19:00,393.0,21049080.0,9889017502.31,25248386,391.67,392.97410108225097
376,393.0389,393.06,393.02,393.055,28698,13:20:00,393.04,11279461.92,9900296964.23,25277084,391.67,392.99057581168825
377,393.0519,393.0999,393.01,393.049,99461,13:21:00,393.05,39093146.05,9939390110.28,25376545,391.68,393.00543185876614
378,393.05,393.1,393.05,393.09,35080,13:22:00,393.08,13789246.4,9953179356.68,25411625,391.68,393.0240738940746
379,393.09,393.19,393.09,393.19,40551,13:23:00,393.16,15943031.16,9969122387.84,25452176,391.68,393.05805542055595
380,393.18,393.2,393.14,393.161,46011,13:24:00,393.17,18090144.87,9987212532.71,25498187,391.68,393.08604156541696
381,393.16,393.16,393.01,393.03,46983,13:25:00,393.07,18467607.81,10005680140.52,25545170,391.69,393.0820311740627
382,393.03,393.06,392.96,393.015,60090,13:26:00,393.01,23615970.9,10029296111.42,25605260,391.69,393.06402338054704
383,393.015,393.02,392.95,392.96,45932,13:27:00,392.98,18050357.36,10047346468.78,25651192,391.69,393.0430175354103
384,392.95,393.04,392.95,393.03,29089,13:28:00,393.01,11432267.89,10058778736.67,25680281,391.69,393.0347631515577
385,393.04,393.06,392.95,393.015,55312,13:29:00,393.01,21738169.12,10080516905.79,25735593,391.7,393.0285723636683
386,393.007,393.12,393.007,393.07,67118,13:30:00,393.07,26382072.26,10106898978.05,25802711,391.7,393.0389292727512
387,393.08,393.13,393.075,393.1,28657,13:31:00,393.1,11265066.7,10118164044.75,25831368,391.7,393.0541969545634
388,393.105,393.1681,393.04,393.1681,47362,13:32:00,393.13,18619423.06,10136783467.81,25878730,391.7,393.0731477159226
389,393.165,393.18,393.1143,393.14,46004,13:33:00,393.14,18086012.56,10154869480.37,25924734,391.71,393.0898607869419
390,393.13,393.18,393.115,393.1702,39105,13:34:00,393.16,15374521.8,10170244002.17,25963839,391.71,393.10739559020647
391,393.17,393.1799,393.095,393.105,52258,13:35:00,393.13,20544187.54,10190788189.71,26016097,391.71,393.11304669265485
392,393.101,393.15,393.097,393.125,57288,13:36:00,393.12,22521058.56,10213309248.27,26073385,391.71,393.11478501949114
393,393.125,393.18,393.05,393.075,36307,13:37:00,393.1,14272281.7,10227581529.97,26109692,391.72,393.11108876461833
394,393.0755,393.175,393.0755,393.1581,51603,13:38:00,393.14,20287203.42,10247868733.39,26161295,391.72,393.11831657346374
395,393.15,393.23,393.15,393.1998,62647,13:39:00,393.19,24632173.93,10272500907.32,26223942,391.72,393.1362374300978
396,393.2,393.28,393.19,393.2301,58985,13:40:00,393.23,23194671.55,10295695578.87,26282927,391.73,393.15967807257334
397,393.24,393.27,393.22,393.2211,96225,13:41:00,393.24,37839519.0,10333535097.87,26379152,391.73,393.17975855443
398,393.225,393.24,393.17,393.215,72764,13:42:00,393.21,28611532.44,10362146630.31,26451916,391.74,393.1873189158225
399,393.21,393.23,393.13,393.21,56150,13:43:00,393.19,22077618.5,10384224248.81,26508066,391.74,393.1879891868669
400,393.22,393.23,393.15,393.23,47873,13:44:00,393.2,18823663.6,10403047912.41,26555939,391.74,393.1909918901502
401,393.21,393.26,393.2,393.23,51166,13:45:00,393.23,20120006.18,10423167918.59,26607105,391.74,393.20074391761267
402,393.23,393.28,393.2,393.24,34905,13:46:00,393.24,13726042.2,10436893960.79,26642010,391.75,393.2105579382095
403,393.23,393.26,393.19,393.25,37064,13:47:00,393.23,14574676.72,10451468637.51,26679074,391.75,393.2154184536571
404,393.25,393.26,393.23,393.26,32176,13:48:00,393.25,12653212.0,10464121849.51,26711250,391.75,393.2240638402428
405,393.26,393.305,393.25,393.275,68414,13:49:00,393.28,26905857.92,10491027707.43,26779664,391.75,393.23804788018214
406,393.27,393.29,393.25,393.2608,52157,13:50:00,393.27,20511783.39,10511539490.82,26831821,391.76,393.2460359101366
407,393.26,393.32,393.23,393.3117,46066,13:51:00,393.29,18117297.14,10529656787.96,26877887,391.76,393.25702693260246
408,393.32,393.33,393.2819,393.32,56574,13:52:00,393.31,22251119.94,10551907907.9,26934461,391.76,393.27027019945183
409,393.32,393.33,393.28,393.2901,67782,13:53:00,393.3,26658660.6,10578566568.5,27002243,391.77,393.2777026495889
410,393.2999,393.33,393.28,393.295,18716,13:54:00,393.3,7361002.8,10585927571.3,27020959,391.77,393.28327698719164
411,393.295,393.31,393.28,393.285,26108,13:55:00,393.29,10268015.32,10596195586.62,27047067,391.77,393.28495774039374
412,393.285,393.31,393.25,393.285,66129,13:56:00,393.28,26007213.12,10622202799.74,27113196,391.77,393.2837183052953
413,393.29,393.315,393.2514,393.26,38262,13:57:00,393.28,15047679.36,10637250479.1,27151458,391.77,393.28278872897147
414,393.26,393.3,393.23,393.25,71416,13:58:00,393.26,28085056.16,10665335535.26,27222874,391.78,393.2770915467286
415,393.24,393.3101,393.24,393.31,75428,13:59:00,393.29,29665078.12,10695000613.38,27298302,391.78,393.2803186600465
416,393.32,393.34,393.275,393.3119,88652,14:00:00,393.31,34867718.12,10729868331.5,27386954,391.79,393.28773899503483
417,393.315,393.4,393.3,393.375,76626,14:01:00,393.36,30141603.36,10760009934.86,27463580,391.79,393.3058042462761
418,393.3799,393.39,393.32,393.321,57135,14:02:00,393.34,22473480.9,10782483415.76,27520715,391.8,393.31435318470704
419,393.3219,393.36,393.32,393.355,35549,14:03:00,393.34,13982843.66,10796466259.42,27556264,391.8,393.3207648885303
420,393.3599,393.41,393.28,393.345,130178,14:04:00,393.34,51204214.52,10847670473.94,27686442,391.8,393.3255736663977
421,393.3513,393.42,393.33,393.4,72037,14:05:00,393.38,28337915.06,10876008389.0,27758479,391.81,393.33918024979823
422,393.405,393.52,393.4,393.48,120721,14:06:00,393.47,47500091.87,10923508480.87,27879200,391.82,393.3718851873487
423,393.47,393.5,393.47,393.481,52590,14:07:00,393.48,20693113.2,10944201594.07,27931790,391.82,393.39891389051155
424,393.485,393.54,393.48,393.535,63455,14:08:00,393.52,24970811.6,10969172405.67,27995245,391.82,393.4291854178837
425,393.53,393.55,393.49,393.51,93326,14:09:00,393.52,36725647.52,11005898053.19,28088571,391.83,393.45188906341275
426,393.5101,393.54,393.48,393.505,43728,14:10:00,393.51,17207405.28,11023105458.47,28132299,391.83,393.4664167975596
427,393.505,393.55,393.49,393.53,152023,14:11:00,393.52,59824090.96,11082929549.43,28284322,391.84,393.4798125981697
428,393.54,393.56,393.48,393.485,104623,14:12:00,393.51,41170196.73,11124099746.16,28388945,391.85,393.4873594486273
429,393.485,393.49,393.41,393.45,142874,14:13:00,393.45,56213775.3,11180313521.46,28531819,391.85,393.47801958647045
430,393.45,393.4599,393.37,393.3996,154686,14:14:00,393.41,60855019.26,11241168540.72,28686505,391.86,393.46101468985285
431,393.4,393.5004,393.395,393.47,95760,14:15:00,393.46,37677729.6,11278846270.32,28782265,391.87,393.46076101738964
432,393.48,393.52,393.43,393.435,108437,14:16:00,393.46,42665622.02,11321511892.34,28890702,391.87,393.46057076304226
433,393.421,393.46,393.41,393.4286,82457,14:17:00,393.43,32441057.51,11353952949.85,28973159,391.88,393.45292807228174
434,393.4281,393.505,393.4281,393.46,52620,14:18:00,393.46,20703865.2,11374656815.05,29025779,391.88,393.4546960542113
435,393.46,393.51,393.42,393.4419,123388,14:19:00,393.46,48548242.48,11423205057.53,29149167,391.89,393.45602204065847
436,393.4455,393.49,393.39,393.475,97597,14:20:00,393.45,38399539.65,11461604597.18,29246764,391.89,393.4545165304939
437,393.4799,393.49,393.36,393.395,68462,14:21:00,393.42,26934320.04,11488538917.22,29315226,391.9,393.4458873978704
438,393.3955,393.41,393.285,393.3258,60122,14:22:00,393.34,23648387.48,11512187304.7,29375348,391.9,393.4194155484028
439,393.3299,393.375,393.23,393.25,85038,14:23:00,393.28,33443744.64,11545631049.34,29460386,391.9,393.3845616613021
440,393.25,393.31,393.22,393.31,78722,14:24:00,393.28,30959788.16,11576590837.5,29539108,391.91,393.35842124597656
441,393.31,393.38,393.27,393.37,101189,14:25:00,393.34,39801681.26,11616392518.76,29640297,391.91,393.3538159344824
442,393.38,393.43,393.325,393.4,83230,14:26:00,393.38,32741017.4,11649133536.16,29723527,391.92,393.36036195086183
443,393.4,393.48,393.37,393.475,65412,14:27:00,393.44,25735697.28,11674869233.44,29788939,391.92,393.3802714631464
444,393.4755,393.48,393.38,393.45,72086,14:28:00,393.44,28361515.84,11703230749.28,29861025,391.92,393.3952035973598
445,393.455,393.52,393.435,393.48,55274,14:29:00,393.48,21749213.52,11724979962.8,29916299,391.93,393.41640269801985
446,393.49,393.715,393.485,393.69,169675,14:30:00,393.63,66789170.25,11791769133.05,30085974,391.94,393.46980202351494
447,393.69,393.75,393.67,393.74,114319,14:31:00,393.72,45009676.68,11836778809.73,30200293,391.94,393.5323515176362
448,393.74,393.8,393.69,393.8,77233,14:32:00,393.76,30411266.08,11867190075.81,30277526,391.95,393.5892636382271
449,393.795,393.84,393.76,393.795,184475,14:33:00,393.8,72646255.0,11939836330.81,30462001,391.96,393.64194772867035
450,393.8,393.8,393.7,393.7,124619,14:34:00,393.73,49066238.87,11988902569.68,30586620,391.97,393.66396079650275
451,393.7,393.75,393.635,393.71,87584,14:35:00,393.7,34481820.8,12023384390.48,30674204,391.97,393.67297059737706
452,393.72,393.74,393.64,393.67,70898,14:36:00,393.68,27911124.64,12051295515.12,30745102,391.97,393.6747279480328
453,393.67,393.76,393.61,393.729,105164,14:37:00,393.7,41403066.8,12092698581.92,30850266,391.98,393.6810459610246
454,393.725,393.97,393.725,393.92,121541,14:38:00,393.87,47871353.67,12140569935.59,30971807,391.99,393.7282844707685
455,393.92,393.97,393.88,393.9,170378,14:39:00,393.92,67115301.76,12207685237.35,31142185,392.0,393.7762133530764
456,393.89,393.91,393.79,393.795,153823,14:40:00,393.83,60580112.09,12268265349.44,31296008,392.01,393.7896600148073
457,393.81,393.88,393.8,393.865,55202,14:41:00,393.85,21741307.7,12290006657.14,31351210,392.01,393.8047450111054
458,393.87,393.87,393.74,393.79,87851,14:42:00,393.8,34595723.8,12324602380.94,31439061,392.02,393.8035587583291
459,393.785,393.8489,393.77,393.845,72257,14:43:00,393.82,28456251.74,12353058632.68,31511318,392.02,393.8076690687468
460,393.845,393.86,393.77,393.7919,80539,14:44:00,393.81,31717063.59,12384775696.27,31591857,392.02,393.8082518015601
461,393.79,393.87,393.76,393.795,57554,14:45:00,393.81,22665340.74,12407441037.01,31649411,392.03,393.8086888511701
462,393.795,393.84,393.76,393.795,38497,14:46:00,393.8,15160118.6,12422601155.61,31687908,392.03,393.80651663837756
463,393.79,393.79,393.725,393.77,65905,14:47:00,393.76,25950752.8,12448551908.41,31753813,392.03,393.79488747878315
464,393.76,393.81,393.72,393.8,66884,14:48:00,393.78,26337581.52,12474889489.93,31820697,392.04,393.7911656090874
465,393.797,393.8,393.72,393.7484,39406,14:49:00,393.76,15516506.56,12490405996.49,31860103,392.04,393.78337420681555
466,393.74,393.79,393.67,393.725,87153,14:50:00,393.73,34314750.69,12524720747.18,31947256,392.04,393.77003065511167
467,393.728,393.78,393.7,393.78,81137,14:51:00,393.75,31947693.75,12556668440.93,32028393,392.05,393.76502299133375
468,393.78,393.805,393.72,393.72,49360,14:52:00,393.75,19435500.0,12576103940.93,32077753,392.05,393.7612672435003
469,393.725,393.75,393.69,393.7082,61358,14:53:00,393.72,24157871.76,12600261812.69,32139111,392.05,393.75095043262525
470,393.709,393.74,393.635,393.725,74608,14:54:00,393.7,29373169.6,12629634982.29,32213719,392.06,393.7382128244689
471,393.73,393.83,393.7,393.8297,88773,14:55:00,393.79,34957919.67,12664592901.96,32302492,392.06,393.75115961835166
472,393.82,393.8281,393.73,393.8211,46755,14:56:00,393.79,18411651.45,12683004553.41,32349247,392.06,393.7608697137637
473,393.825,393.83,393.7542,393.769,53061,14:57:00,393.78,20894360.58,12703898913.99,32402308,392.07,393.7656522853228
474,393.7681,393.8,393.7401,393.75,49947,14:58:00,393.76,19667130.72,12723566044.71,32452255,392.07,393.7642392139921
475,393.75,393.79,393.74,393.76,56822,14:59:00,393.76,22374230.72,12745940275.43,32509077,392.07,393.76317941049405
476,393.76,393.85,393.74,393.795,61500,15:00:00,393.8,24218700.0,12770158975.43,32570577,392.08,393.7723845578705
477,393.795,393.86,393.79,393.795,70688,15:01:00,393.82,27838348.16,12797997323.59,32641265,392.08,393.78428841840287
478,393.795,393.93,393.795,393.93,82885,15:02:00,393.88,32646743.8,12830644067.39,32724150,392.08,393.8082163138022
479,393.925,394.07,393.86,393.96,169392,15:03:00,393.96,66733672.32,12897377739.71,32893542,392.09,393.84616223535164
480,393.96,393.98,393.89,393.945,92003,15:04:00,393.94,36243661.82,12933621401.53,32985545,392.1,393.86962167651376
481,393.945,393.95,393.85,393.92,79966,15:05:00,393.91,31499407.06,12965120808.59,33065511,392.1,393.8797162573853
482,393.91,393.915,393.81,393.8299,105819,15:06:00,393.85,41676813.15,13006797621.74,33171330,392.11,393.872287193039
483,393.82,393.85,393.77,393.805,91431,15:07:00,393.81,36006442.11,13042804063.85,33262761,392.11,393.85671539477926
484,393.803,393.87,393.76,393.87,60308,15:08:00,393.83,23751099.64,13066555163.49,33323069,392.12,393.8500365460844
485,393.875,393.9,393.84,393.84,95109,15:09:00,393.86,37459630.74,13104014794.23,33418178,392.12,393.8525274095633
486,393.84,393.885,393.81,393.83,70611,15:10:00,393.84,27809436.24,13131824230.47,33488789,392.13,393.8493955571725
487,393.83,393.9,393.79,393.83,255312,15:11:00,393.84,100552078.08,13232376308.55,33744101,392.14,393.84704666787934
488,393.835,393.925,393.78,393.82,110184,15:12:00,393.84,43394866.56,13275771175.11,33854285,392.14,393.8452850009095
489,393.82,393.85,393.74,393.77,80932,15:13:00,393.79,31870212.28,13307641387.39,33935217,392.15,393.83146375068213
490,393.769,393.83,393.7,393.7199,73470,15:14:00,393.75,28928812.5,13336570199.89,34008687,392.15,393.8110978130116
491,393.713,393.75,393.66,393.68,127580,15:15:00,393.7,50228246.0,13386798445.89,34136267,392.16,393.7833233597587
492,393.68,393.7389,393.655,393.69,131220,15:16:00,393.69,51660001.8,13438458447.69,34267487,392.16,393.75999251981904
493,393.69,393.74,393.55,393.555,150451,15:17:00,393.62,59220522.62,13497678970.31,34417938,392.17,393.72499438986426
494,393.55,393.58,393.43,393.465,258937,15:18:00,393.49,101889120.13,13599568090.44,34676875,392.18,393.66624579239823
495,393.4685,393.48,393.31,393.355,186119,15:19:00,393.38,73215492.22,13672783582.66,34862994,392.19,393.5946843442987
496,393.35,393.5,393.345,393.39,199575,15:20:00,393.41,78514800.75,13751298383.41,35062569,392.19,393.54851325822403
497,393.39,393.51,393.39,393.42,126014,15:21:00,393.44,49578948.16,13800877331.57,35188583,392.2,393.52138494366807
498,393.4201,393.49,393.35,393.365,61594,15:22:00,393.4,24231079.6,13825108411.17,35250177,392.2,393.49103870775104
499,393.365,393.37,393.26,393.29,108492,15:23:00,393.31,42670988.52,13867779399.69,35358669,392.2,393.44577903081324
500,393.29,393.33,393.21,393.31,79849,15:24:00,393.28,31403014.72,13899182414.41,35438518,392.21,393.4043342731099
501,393.32,393.35,393.13,393.16,184585,15:25:00,393.21,72580667.85,13971763082.26,35623103,392.21,393.3557507048324
502,393.16,393.33,393.16,393.21,397565,15:26:00,393.23,156334484.95,14128097567.21,36020668,392.22,393.3243130286243
503,393.21,393.29,393.21,393.26,59857,15:27:00,393.25,23538765.25,14151636332.46,36080525,392.22,393.3057347714682
504,393.27,393.3,393.11,393.11,80485,15:28:00,393.17,31644287.45,14183280619.91,36161010,392.23,393.2718010786012
505,393.12,393.189,393.06,393.0982,131692,15:29:00,393.12,51770759.04,14235051378.95,36292702,392.23,393.23385080895093
506,393.09,393.11,393.02,393.09,181965,15:30:00,393.07,71524982.55,14306576361.5,36474667,392.23,393.19288810671316
507,393.09,393.225,393.07,393.2,149409,15:31:00,393.16,58741642.44,14365318003.94,36624076,392.24,393.1846660800349
508,393.21,393.25,393.1109,393.12,116775,15:32:00,393.16,45911259.0,14411229262.94,36740851,392.24,393.1784995600262
509,393.1101,393.1101,392.94,392.945,100465,15:33:00,393.0,39482745.0,14450712007.94,36841316,392.24,393.1338746700196
510,392.945,392.95,392.82,392.9,189886,15:34:00,392.89,74604310.54,14525316318.48,37031202,392.25,393.07290600251474
511,392.9,392.98,392.83,392.955,153302,15:35:00,392.92,60235421.84,14585551740.32,37184504,392.25,393.0346795018861
512,392.96,392.99,392.89,392.9,118857,15:36:00,392.93,46702481.01,14632254221.33,37303361,392.25,393.0085096264146
513,392.89,392.93,392.82,392.91,139633,15:37:00,392.89,54860409.37,14687114630.7,37442994,392.25,392.9788822198109
514,392.92,392.96,392.865,392.895,87065,15:38:00,392.91,34208709.15,14721323339.85,37530059,392.25,392.9616616648582
515,392.895,392.95,392.85,392.93,131178,15:39:00,392.91,51541147.98,14772864487.83,37661237,392.26,392.94874624864366
516,392.93,393.02,392.9,392.9713,190557,15:40:00,392.96,74881278.72,14847745766.55,37851794,392.26,392.95155968648277
517,392.98,393.0,392.85,392.85,150934,15:41:00,392.9,59301968.6,14907047735.15,38002728,392.26,392.9386697648621
518,392.86,392.89,392.7,392.73,249288,15:42:00,392.77,97912847.76,15004960582.91,38252016,392.27,392.8965023236466
519,392.74,392.77,392.63,392.645,252845,15:43:00,392.68,99287174.6,15104247757.51,38504861,392.27,392.842376742735
520,392.64,392.79,392.57,392.775,255422,15:44:00,392.71,100306773.62,15204554531.13,38760283,392.27,392.80928255705123
521,392.78,392.81,392.71,392.74,208909,15:45:00,392.75,82049009.75,15286603540.88,38969192,392.27,392.79446191778845
522,392.74,392.74,392.595,392.6201,126096,15:46:00,392.65,49511594.4,15336115135.28,39095288,392.28,392.7583464383414
523,392.62,392.71,392.57,392.71,154319,15:47:00,392.66,60594898.54,15396710033.82,39249607,392.28,392.73375982875604
524,392.71,392.83,392.6919,392.79,322168,15:48:00,392.77,126537925.36,15523247959.18,39571775,392.28,392.742819871567
525,392.8,392.84,392.61,392.72,299243,15:49:00,392.72,117518710.96,15640766670.14,39871018,392.28,392.73711490367526
526,392.71,392.81,392.54,392.7001,498843,15:50:00,392.68,195885669.24,15836652339.38,40369861,392.29,392.72283617775645
527,392.71,392.73,392.6201,392.695,258013,15:51:00,392.68,101316544.84,15937968884.22,40627874,392.29,392.7121271333173
528,392.6901,392.6901,392.51,392.55,362783,15:52:00,392.58,142421350.14,16080390234.36,40990657,392.29,392.67909534998796
529,392.54,392.54,392.39,392.475,440187,15:53:00,392.47,172760191.89,16253150426.25,41430844,392.3,392.62682151249095
530,392.48,392.73,392.47,392.6399,522673,15:54:00,392.61,205206646.53,16458357072.78,41953517,392.3,392.6226161343682
531,392.65,392.65,392.45,392.51,363477,15:55:00,392.54,142679261.58,16601036334.36,42316994,392.3,392.6019621007761
532,392.5,392.54,392.4,392.48,478963,15:56:00,392.47,187978608.61,16789014942.97,42795957,392.3,392.5689715755821
533,392.475,392.71,392.42,392.66,407060,15:57:00,392.6,159811756.0,16948826698.97,43203017,392.31,392.57672868168663
534,392.66,392.66,392.52,392.565,463044,15:58:00,392.58,181781813.52,17130608512.49,43666061,392.31,392.5775465112649
535,392.57,392.69,392.51,392.5298,1040107,15:59:00,392.58,408325206.06,17538933718.55,44706168,392.32,392.5781598834487
536,392.53,392.86,392.52,392.83,1148680,16:00:00,392.74,451132583.2,17990066301.75,45854848,392.33,392.6186199125865
537,392.86,392.87,392.59,392.76,72343,16:01:00,392.74,28411989.82,18018478291.57,45927191,392.33,392.6489649344399
538,392.77,392.85,392.75,392.8,43842,16:02:00,392.8,17221137.6,18035699429.17,45971033,392.33,392.68672370082993
539,392.79,392.85,392.77,392.8,62961,16:03:00,392.81,24731710.41,18060431139.58,46033994,392.33,392.7175427756224
540,392.8,392.83,392.8,392.8,95926,16:04:00,392.81,37680692.06,18098111831.64,46129920,392.33,392.7406570817168
541,392.81,392.83,392.56,392.78,2063636,16:05:00,392.72,810431129.92,18908542961.56,48193556,392.35,392.7354928112876
542,392.78,392.8,392.75,392.76,10465,16:06:00,392.77,4110338.05,18912653299.61,48204021,392.35,392.74411960846567
543,392.76,392.8,392.73,392.79,329951,16:07:00,392.77,129594854.27,19042248153.88,48533972,392.35,392.7505897063493
544,392.77,392.85,392.77,392.79,238137,16:08:00,392.8,93540213.6,19135788367.48,48772109,392.35,392.76294227976194
545,392.81,392.84,392.79,392.81,285438,16:09:00,392.81,112122900.78,19247911268.26,49057547,392.35,392.77470670982143
546,392.84,392.85,392.5551,392.78,1968280,16:10:00,392.73,773002604.4,20020913872.66,51025827,392.37,392.7635300323661
547,392.79,392.9,392.78,392.8,78322,16:11:00,392.83,30767231.26,20051681103.92,51104149,392.37,392.7801475242745
548,392.8,392.83,392.77,392.82,45031,16:12:00,392.81,17688627.11,20069369731.03,51149180,392.37,392.7876106432059
549,392.82,392.82,392.78,392.8,7378,16:13:00,392.8,2898078.4,20072267809.43,51156558,392.37,392.7907079824044
550,392.79,392.86,392.78,392.83,26339,16:14:00,392.82,10346485.98,20082614295.41,51182897,392.37,392.79803098680327
551,392.82,392.9,392.76,392.85,55113,16:15:00,392.84,21650590.92,20104264886.33,51238010,392.37,392.80852324010243
552,392.85,392.89,392.77,392.8,16628,16:16:00,392.82,6531810.96,20110796697.29,51254638,392.37,392.8113924300768
553,392.78,392.81,392.78,392.8,1448,16:17:00,392.8,568774.4,20111365471.69,51256086,392.37,392.80854432255757
554,392.8,392.8,392.8,392.8,252,16:18:00,392.8,98985.6,20111464457.29,51256338,392.37,392.8064082419182
555,392.8,392.8,392.55,392.6,111698,16:19:00,392.65,43858219.7,20155322676.99,51368036,392.37,392.7673061814386
556,392.69,392.7,392.63,392.68,3670,16:20:00,392.67,1441098.9,20156763775.89,51371706,392.37,392.742979636079
557,392.68,392.69,392.68,392.68,1400,16:21:00,392.68,549752.0,20157313527.89,51373106,392.37,392.7272347270593
558,392.67,392.68,392.67,392.67,893,16:22:00,392.67,350654.31,20157664182.2,51373999,392.37,392.71292604529447
559,392.69,392.7,392.69,392.69,980,16:23:00,392.69,384836.2,20158049018.4,51374979,392.37,392.7071945339709
560,392.69,392.69,392.69,392.69,700,16:24:00,392.69,274883.0,20158323901.4,51375679,392.37,392.7028959004782
561,392.71,392.72,392.68,392.68,15504,16:25:00,392.69,6088265.76,20164412167.16,51391183,392.37,392.69967192535864
562,392.69,392.71,392.68,392.71,2037,16:26:00,392.7,799929.9,20165212097.06,51393220,392.37,392.699753944019
563,392.7,392.72,392.7,392.72,466,16:27:00,392.71,183002.86,20165395099.92,51393686,392.37,392.70231545801425
564,392.72,392.72,392.72,392.72,500,16:28:00,392.72,196360.0,20165591459.92,51394186,392.37,392.7067365935107
565,392.7,392.74,392.7,392.74,2160,16:29:00,392.73,848296.8,20166439756.72,51396346,392.37,392.71255244513304
566,392.74,392.78,392.7,392.75,67588,16:30:00,392.74,26544511.12,20192984267.84,51463934,392.37,392.7194143338498
567,392.75,392.8,392.75,392.79,22430,16:31:00,392.78,8810055.4,20201794323.24,51486364,392.37,392.73456075038735
568,392.79,392.81,392.79,392.81,17973,16:32:00,392.8,7059794.4,20208854117.64,51504337,392.37,392.7509205627905
569,392.81,392.84,392.78,392.78,14896,16:33:00,392.8,5851148.8,20214705266.44,51519233,392.37,392.76319042209286
570,392.78,392.78,392.78,392.78,400,16:34:00,392.78,157112.0,20214862378.44,51519633,392.37,392.7673928165696
571,392.8,392.8,392.77,392.78,5800,16:35:00,392.78,2278124.0,20217140502.44,51525433,392.37,392.7705446124272
572,392.78,392.85,392.78,392.85,5141,16:36:00,392.83,2019539.03,20219160041.47,51530574,392.37,392.78540845932037
573,392.84,392.88,392.83,392.83,12429,16:37:00,392.85,4882732.65,20224042774.12,51543003,392.37,392.8015563444902
574,392.86,392.86,392.86,392.86,1700,16:38:00,392.86,667862.0,20224710636.12,51544703,392.37,392.8161672583677
575,392.88,392.89,392.88,392.88,1700,16:39:00,392.88,667896.0,20225378532.12,51546403,392.37,392.8321254437758
576,392.86,392.88,392.86,392.88,1200,16:40:00,392.87,471444.0,20225849976.12,51547603,392.37,392.8415940828319
577,392.88,392.92,392.59,392.88,1401604,16:41:00,392.8,550550051.2,20776400027.32,52949207,392.38,392.8311955621239
578,392.9,392.9,392.9,392.9,415,16:42:00,392.9,163053.5,20776563080.82,52949622,392.38,392.8483966715929
579,392.9,392.93,392.88,392.93,3276,16:43:00,392.91,1287173.16,20777850253.98,52952898,392.38,392.8637975036947
580,392.91,392.95,392.88,392.95,22910,16:44:00,392.93,9002026.3,20786852280.28,52975808,392.38,392.880348127771
581,392.96,392.96,392.86,392.86,1416,16:46:00,392.89,556332.24,20787408612.52,52977224,392.38,392.8827610958283
582,392.82,392.82,392.82,392.82,200,16:47:00,392.82,78564.0,20787487176.52,52977424,392.38,392.8670708218712
583,392.81,392.81,392.78,392.78,1100,16:48:00,392.79,432069.0,20787919245.52,52978524,392.38,392.8478031164034
584,392.81,392.81,392.81,392.81,999,16:49:00,392.81,392417.19,20788311662.71,52979523,392.38,392.8383523373025
585,392.82,392.85,392.59,392.59,120200,16:50:00,392.68,47200136.0,20835511798.71,53099723,392.38,392.7987642529769
586,392.83,392.85,392.83,392.85,600,16:51:00,392.84,235704.0,20835747502.71,53100323,392.38,392.80907318973266
587,392.79,392.81,392.79,392.81,600,16:52:00,392.8,235680.0,20835983182.71,53100923,392.38,392.80680489229945
588,392.78,392.78,392.78,392.78,2400,16:53:00,392.78,942672.0,20836925854.71,53103323,392.38,392.8001036692246
589,392.86,392.86,392.83,392.83,2642,16:54:00,392.84,1037883.28,20837963737.99,53105965,392.38,392.8100777519184
590,392.82,392.82,392.78,392.78,4951,16:55:00,392.79,1944703.29,20839908441.28,53110916,392.38,392.8050583139388
591,392.78,392.78,392.78,392.78,100,16:56:00,392.78,39278.0,20839947719.28,53111016,392.38,392.79879373545407
592,392.81,392.82,392.81,392.82,919,16:57:00,392.82,361001.58,20840308720.86,53111935,392.38,392.8040953015905
593,392.82,392.82,392.82,392.82,100,16:58:00,392.82,39282.0,20840348002.86,53112035,392.38,392.8080714761929
594,392.83,392.85,392.82,392.85,1900,16:59:00,392.84,746396.0,20841094398.86,53113935,392.38,392.8160536071446
595,392.82,392.82,392.79,392.79,300,17:00:00,392.8,117840.0,20841212238.86,53114235,392.38,392.81204020535847
596,392.83,392.86,392.83,392.83,600,17:04:00,392.84,235704.0,20841447942.86,53114835,392.38,392.81903015401883
597,392.78,392.78,392.771,392.771,900,17:07:00,392.77,353493.0,20841801435.86,53115735,392.38,392.8067726155141
598,392.76,392.76,392.75,392.75,2400,17:08:00,392.75,942600.0,20842744035.86,53118135,392.38,392.79257946163557
599,392.73,392.73,392.6,392.6,16917,17:09:00,392.64,6642290.88,20849386326.74,53135052,392.38,392.7544345962267
600,392.76,392.8,392.76,392.8,3848,17:11:00,392.79,1511455.92,20850897782.66,53138900,392.38,392.76332594717
601,392.74,392.77,392.74,392.77,398,17:17:00,392.76,156318.48,20851054101.14,53139298,392.38,392.7624944603775
602,392.75,392.75,392.75,392.75,100,17:19:00,392.75,39275.0,20851093376.14,53139398,392.38,392.7593708452831
603,392.75,392.75,392.75,392.75,349,17:22:00,392.75,137069.75,20851230445.89,53139747,392.38,392.7570281339623
604,392.74,392.78,392.74,392.74,300,17:26:00,392.75,117825.0,20851348270.89,53140047,392.38,392.75527110047176
605,392.8,392.8,392.8,392.8,324,17:28:00,392.8,127267.2,20851475538.09,53140371,392.38,392.7664533253538
606,392.77,392.77,392.77,392.77,200,17:32:00,392.77,78554.0,20851554092.09,53140571,392.38,392.76733999401534
607,392.8,392.8,392.8,392.8,1432,17:38:00,392.8,562489.6,20852116581.69,53142003,392.38,392.7755049955115
608,392.78,392.78,392.78,392.78,1500,17:40:00,392.78,589170.0,20852705751.69,53143503,392.38,392.7766287466336
609,392.72,392.72,392.7,392.7,408,17:42:00,392.71,160225.68,20852865977.37,53143911,392.38,392.7599715599752
610,392.66,392.66,392.66,392.66,156,17:43:00,392.66,61254.96,20852927232.33,53144067,392.38,392.73497866998144
611,392.66,392.66,392.66,392.66,169,17:44:00,392.66,66359.54,20852993591.87,53144236,392.38,392.7162340024861
612,392.68,392.68,392.66,392.66,330,17:46:00,392.67,129581.1,20853123172.97,53144566,392.38,392.7046755018646
613,392.66,392.66,392.66,392.66,200,17:49:00,392.66,78532.0,20853201704.97,53144766,392.38,392.69350662639846
614,392.73,392.73,392.73,392.73,300,17:53:00,392.73,117819.0,20853319523.97,53145066,392.38,392.70262996979886
615,392.73,392.73,392.73,392.73,290,17:54:00,392.73,113891.7,20853433415.67,53145356,392.38,392.70947247734915
616,392.75,392.75,392.61,392.61,5179,17:55:00,392.66,2033586.14,20855467001.81,53150535,392.38,392.69710435801187
617,392.67,392.67,392.67,392.67,100,17:56:00,392.67,39267.0,20855506268.81,53150635,392.38,392.6903282685089
618,392.76,392.76,392.65,392.65,7380,17:57:00,392.69,2898052.2,20858404321.01,53158015,392.38,392.6902462013817
619,392.67,392.76,392.65,392.76,2329,17:59:00,392.72,914644.88,20859318965.89,53160344,392.38,392.69768465103624
620,392.78,392.9,392.59,392.84,19317,18:00:00,392.78,7587331.26,20866906297.15,53179661,392.39,392.71826348827716
621,392.87,392.87,392.84,392.84,1500,18:01:00,392.85,589275.0,20867495572.15,53181161,392.39,392.75119761620783
622,392.82,392.85,392.81,392.85,1254,18:02:00,392.84,492621.36,20867988193.51,53182415,392.39,392.7733982121559
623,392.87,393.04,392.87,393.03,9062,18:03:00,392.98,3561184.76,20871549378.27,53191477,392.39,392.82504865911693
624,393.021,393.021,392.94,392.94,3667,18:04:00,392.97,1441020.99,20872990399.26,53195144,392.39,392.8612864943377
625,392.86,392.87,392.84,392.84,2670,18:05:00,392.85,1048909.5,20874039308.76,53197814,392.39,392.8584648707533
626,392.88,392.89,392.88,392.88,2080,18:06:00,392.88,817190.4,20874856499.16,53199894,392.39,392.863848653065
627,392.861,392.861,392.86,392.86,3000,18:07:00,392.86,1178580.0,20876035079.16,53202894,392.39,392.8628864897988
628,392.871,392.89,392.871,392.89,400,18:09:00,392.88,157152.0,20876192231.16,53203294,392.39,392.8671648673492
629,392.89,392.89,392.86,392.86,3700,18:10:00,392.87,1453619.0,20877645850.16,53206994,392.39,392.8678736505119
630,392.87,392.87,392.87,392.87,200,18:11:00,392.87,78574.0,20877724424.16,53207194,392.39,392.86840523788396
631,392.93,392.93,392.91,392.91,2100,18:13:00,392.92,825132.0,20878549556.16,53209294,392.39,392.881303928413
632,392.98,393.02,392.98,393.02,1700,18:15:00,393.01,668117.0,20879217673.16,53210994,392.39,392.91347794630974
633,393.03,393.04,393.02,393.04,2600,18:16:00,393.03,1021878.0,20880239551.16,53213594,392.39,392.9426084597323
634,393.01,393.01,393.01,393.01,100,18:17:00,393.01,39301.0,20880278852.16,53213694,392.39,392.9594563447992
635,392.99,392.99,392.99,392.99,100,18:18:00,392.99,39299.0,20880318151.16,53213794,392.39,392.9670922585994
636,393.0,393.03,393.0,393.03,320,18:19:00,393.02,125766.4,20880443917.56,53214114,392.39,392.9803191939495
637,393.0,393.03,393.0,393.03,280,18:21:00,393.02,110045.6,20880553963.16,53214394,392.39,392.99023939546214
638,393.03,393.03,393.02,393.02,300,18:22:00,393.02,117906.0,20880671869.16,53214694,392.39,392.9976795465966
639,393.03,393.05,393.03,393.05,775,18:23:00,393.04,304606.0,20880976475.16,53215469,392.39,393.00825965994744
640,393.07,393.07,393.05,393.05,400,18:24:00,393.06,157224.0,20881133699.16,53215869,392.39,393.02119474496055
641,393.05,393.05,393.05,393.05,1839,18:26:00,393.05,722818.95,20881856518.11,53217708,392.39,393.0283960587204
642,393.03,393.03,392.97,392.97,930,18:27:00,392.99,365480.7,20882221998.81,53218638,392.39,393.0187970440403
643,392.91,392.94,392.91,392.93,3300,18:30:00,392.93,1296669.0,20883518667.81,53221938,392.39,392.99659778303027
644,392.95,392.95,392.95,392.95,250,18:31:00,392.95,98237.5,20883616905.31,53222188,392.39,392.9849483372727
645,392.96,392.96,392.96,392.96,100,18:32:00,392.96,39296.0,20883656201.31,53222288,392.39,392.97871125295455
646,392.93,392.94,392.91,392.94,1503,18:33:00,392.93,590573.79,20884246775.1,53223791,392.39,392.96653343971593
647,392.98,393.0,392.98,393.0,200,18:35:00,392.99,78598.0,20884325373.1,53223991,392.39,392.97240007978695
648,392.95,392.95,392.84,392.88,1180,18:36:00,392.89,463610.2,20884788983.3,53225171,392.39,392.95180005984025
649,392.84,392.84,392.75,392.75,400,18:37:00,392.78,157112.0,20884946095.3,53225571,392.39,392.9088500448802
650,392.73,392.82,392.73,392.82,2946,18:38:00,392.79,1157159.34,20886103254.64,53228517,392.39,392.8791375336601
651,392.8,392.8,392.78,392.78,301,18:39:00,392.79,118229.79,20886221484.43,53228818,392.39,392.8568531502451
652,392.75,392.79,392.73,392.79,2000,18:40:00,392.77,785540.0,20887007024.43,53230818,392.39,392.83513986268383
653,392.73,392.74,392.73,392.73,2520,18:41:00,392.73,989679.6,20887996704.03,53233338,392.39,392.8088548970129
654,392.71,392.71,392.68,392.71,2480,18:42:00,392.7,973896.0,20888970600.03,53235818,392.39,392.7816411727597
655,392.77,392.77,392.77,392.77,100,18:43:00,392.77,39277.0,20889009877.03,53235918,392.39,392.77873087956976
656,392.8,392.81,392.76,392.76,2490,18:44:00,392.78,978022.2,20889987899.23,53238408,392.39,392.7790481596773
657,392.81,392.81,392.79,392.79,775,18:45:00,392.8,304420.0,20890292319.23,53239183,392.39,392.78428611975795
658,392.78,392.78,392.78,392.78,400,18:46:00,392.78,157112.0,20890449431.23,53239583,392.39,392.78321458981844
659,392.76,392.76,392.75,392.75,600,18:48:00,392.75,235650.0,20890685081.23,53240183,392.39,392.7749109423638
660,392.76,392.76,392.76,392.76,100,18:49:00,392.76,39276.0,20890724357.23,53240283,392.39,392.77118320677283
661,392.78,392.88,392.78,392.88,300,18:51:00,392.85,117855.0,20890842212.23,53240583,392.39,392.7908874050796
662,392.88,392.93,392.88,392.88,1740,18:52:00,392.9,683646.0,20891525858.23,53242323,392.39,392.81816555380976
663,392.88,392.88,392.83,392.84,3860,18:53:00,392.85,1516401.0,20893042259.23,53246183,392.39,392.8261241653573
664,392.83,392.83,392.83,392.83,700,18:56:00,392.83,274981.0,20893317240.23,53246883,392.39,392.827093124018
665,392.83,392.83,392.82,392.82,2910,18:57:00,392.82,1143106.2,20894460346.43,53249793,392.39,392.82531984301346
666,392.84,392.84,392.83,392.83,200,18:59:00,392.83,78566.0,20894538912.43,53249993,392.39,392.8264898822601
667,392.77,392.77,392.77,392.77,200,19:02:00,392.77,78554.0,20894617466.43,53250193,392.39,392.81236741169505
668,392.85,392.88,392.85,392.88,300,19:03:00,392.87,117861.0,20894735327.43,53250493,392.39,392.82677555877126
669,392.87,392.87,392.87,392.87,2400,19:04:00,392.87,942888.0,20895678215.43,53252893,392.39,392.8375816690784
670,392.87,392.87,392.87,392.87,200,19:06:00,392.87,78574.0,20895756789.43,53253093,392.39,392.84568625180884
671,392.87,392.87,392.87,392.87,200,19:08:00,392.87,78574.0,20895835363.43,53253293,392.39,392.85176468885663
672,392.82,392.82,392.77,392.78,750,19:10:00,392.79,294592.5,20896129955.93,53254043,392.39,392.83632351664244
673,392.77,392.77,392.77,392.77,250,19:15:00,392.77,98192.5,20896228148.43,53254293,392.39,392.8197426374818
674,392.95,393.0,392.95,393.0,3700,19:19:00,392.98,1454026.0,20897682174.43,53257993,392.39,392.85980697811135
675,392.99,392.99,392.99,392.99,200,19:20:00,392.99,78598.0,20897760772.43,53258193,392.39,392.8923552335835
676,393.0,393.03,393.0,393.0,900,19:21:00,393.01,353709.0,20898114481.43,53259093,392.39,392.9217664251876
677,392.95,392.95,392.95,392.95,100,19:22:00,392.95,39295.0,20898153776.43,53259193,392.39,392.92882481889075
678,392.97,392.99,392.97,392.99,400,19:23:00,392.98,157192.0,20898310968.43,53259593,392.39,392.9416186141681
679,392.93,392.93,392.9,392.9,300,19:24:00,392.91,117873.0,20898428841.43,53259893,392.39,392.9337139606261
680,392.89,392.89,392.89,392.89,100,19:25:00,392.89,39289.0,20898468130.43,53259993,392.39,392.92278547046953
681,392.88,392.94,392.88,392.94,200,19:28:00,392.92,78584.0,20898546714.43,53260193,392.39,392.92208910285217
682,392.91,392.91,392.91,392.91,100,19:29:00,392.91,39291.0,20898586005.43,53260293,392.39,392.91906682713915
683,392.91,392.95,392.91,392.95,200,19:30:00,392.94,78588.0,20898664593.43,53260493,392.39,392.92430012035436
684,392.95,392.95,392.95,392.95,300,19:31:00,392.95,117885.0,20898782478.43,53260793,392.39,392.93072509026575
685,392.97,392.99,392.97,392.98,1027,19:32:00,392.98,403590.46,20899186068.89,53261820,392.39,392.94304381769933
686,392.94,392.94,392.94,392.94,100,19:35:00,392.94,39294.0,20899225362.89,53261920,392.39,392.9422828632745
687,393.02,393.03,393.02,393.03,355,19:37:00,393.03,139525.65,20899364888.54,53262275,392.39,392.96421214745584
688,393.02,393.02,393.02,393.02,400,19:38:00,393.02,157208.0,20899522096.54,53262675,392.39,392.9781591105919
689,393.05,393.09,393.05,393.07,3500,19:39:00,393.07,1375745.0,20900897841.54,53266175,392.39,393.0011193329439
690,393.04,393.06,393.04,393.06,200,19:40:00,393.05,78610.0,20900976451.54,53266375,392.39,393.0133394997079
691,393.06,393.06,393.01,393.01,300,19:41:00,393.03,117909.0,20901094360.54,53266675,392.39,393.01750462478094
692,393.06,393.06,393.06,393.06,449,19:43:00,393.06,176483.94,20901270844.48,53267124,392.39,393.0281284685857
693,393.12,393.15,393.12,393.13,1200,19:46:00,393.13,471756.0,20901742600.48,53268324,392.39,393.0535963514393
694,393.11,393.11,393.11,393.11,349,19:47:00,393.11,137195.39,20901879795.87,53268673,392.39,393.0676972635795
695,393.1,393.11,393.1,393.11,200,19:48:00,393.11,78622.0,20901958417.87,53268873,392.39,393.0782729476846
696,393.1,393.12,393.1,393.1,910,19:49:00,393.11,357730.1,20902316147.97,53269783,392.39,393.08620471076347
697,393.08,393.1,393.08,393.1,899,19:50:00,393.09,353387.91,20902669535.88,53270682,392.39,393.0871535330726
698,393.06,393.06,393.02,393.06,410,19:51:00,393.05,161150.5,20902830686.38,53271092,392.39,393.07786514980444
699,393.03,393.03,393.03,393.03,200,19:53:00,393.03,78606.0,20902909292.38,53271292,392.39,393.0658988623533
700,393.06,393.06,393.06,393.06,100,19:54:00,393.06,39306.0,20902948598.38,53271392,392.39,393.06442414676496
701,393.08,393.14,393.08,393.14,1500,19:55:00,393.12,589680.0,20903538278.38,53272892,392.39,393.0783181100737
702,393.17,393.2,393.14,393.17,1800,19:56:00,393.17,707706.0,20904245984.38,53274692,392.39,393.1012385825553
703,393.16,393.22,393.16,393.19,1920,19:57:00,393.19,754924.8,20905000909.18,53276612,392.39,393.1234289369165
704,393.15,393.15,393.15,393.15,1700,19:58:00,393.15,668355.0,20905669264.18,53278312,392.39,393.13007170268736
705,393.14,393.25,393.14,393.24,6252,19:59:00,393.21,2458348.92,20908127613.1,53284564,392.39,393.1500537770155
